-- --------------------------------------------------------
-- Host:                         127.0.0.1
-- Server version:               10.4.14-MariaDB - mariadb.org binary distribution
-- Server OS:                    Win64
-- HeidiSQL Version:             11.0.0.5919
-- --------------------------------------------------------

/*!40101 SET @OLD_CHARACTER_SET_CLIENT=@@CHARACTER_SET_CLIENT */;
/*!40101 SET NAMES utf8 */;
/*!50503 SET NAMES utf8mb4 */;
/*!40014 SET @OLD_FOREIGN_KEY_CHECKS=@@FOREIGN_KEY_CHECKS, FOREIGN_KEY_CHECKS=0 */;
/*!40101 SET @OLD_SQL_MODE=@@SQL_MODE, SQL_MODE='NO_AUTO_VALUE_ON_ZERO' */;


-- Dumping database structure for jgc
CREATE DATABASE IF NOT EXISTS `jgc` /*!40100 DEFAULT CHARACTER SET utf8mb4 */;
USE `jgc`;

-- Dumping structure for table jgc.finance_treasure_history
CREATE TABLE IF NOT EXISTS `finance_treasure_history` (
  `id` int(11) NOT NULL AUTO_INCREMENT,
  `id_treasure` int(4) NOT NULL,
  `date_input` date NOT NULL,
  `description` text COLLATE utf8mb4_unicode_ci NOT NULL,
  `IDR` decimal(15,2) NOT NULL,
  `USD` decimal(15,2) NOT NULL DEFAULT 0.00,
  `PIC` varchar(100) COLLATE utf8mb4_unicode_ci DEFAULT NULL,
  `sp_date` varchar(200) COLLATE utf8mb4_unicode_ci DEFAULT NULL,
  `sp_app` int(1) NOT NULL DEFAULT 0,
  `approved_by` varchar(50) COLLATE utf8mb4_unicode_ci DEFAULT NULL,
  `approved_at` datetime DEFAULT NULL,
  `created_at` datetime DEFAULT NULL,
  `created_by` varchar(50) COLLATE utf8mb4_unicode_ci DEFAULT NULL,
  `updated_at` datetime DEFAULT NULL,
  `updated_by` varchar(50) COLLATE utf8mb4_unicode_ci DEFAULT NULL,
  `deleted_at` datetime DEFAULT NULL,
  `deleted_by` varchar(50) COLLATE utf8mb4_unicode_ci DEFAULT NULL,
  `company_id` int(11) DEFAULT NULL,
  PRIMARY KEY (`id`)
) ENGINE=InnoDB AUTO_INCREMENT=10 DEFAULT CHARSET=utf8mb4 COLLATE=utf8mb4_unicode_ci;

-- Dumping data for table jgc.finance_treasure_history: ~7 rows (approximately)
/*!40000 ALTER TABLE `finance_treasure_history` DISABLE KEYS */;
INSERT INTO `finance_treasure_history` (`id`, `id_treasure`, `date_input`, `description`, `IDR`, `USD`, `PIC`, `sp_date`, `sp_app`, `approved_by`, `approved_at`, `created_at`, `created_by`, `updated_at`, `updated_by`, `deleted_at`, `deleted_by`, `company_id`) VALUES
	(1, 1, '2020-09-23', '[1]this is funding', 100000000.00, 0.00, NULL, NULL, 0, NULL, NULL, '2020-09-24 03:15:45', 'admin', '2020-09-24 03:15:45', NULL, NULL, NULL, 1),
	(2, 1, '2020-09-23', '[1]deposit', -500000.00, 0.00, NULL, NULL, 0, NULL, NULL, '2020-09-24 03:16:13', 'admin', '2020-09-24 03:16:13', NULL, NULL, NULL, 1),
	(3, 1, '2020-09-24', '[1]hm hm hm', 100000000.00, 0.00, NULL, NULL, 0, NULL, NULL, '2020-09-24 03:16:41', 'admin', '2020-09-24 03:16:41', NULL, NULL, NULL, 1),
	(4, 1, '2020-09-24', '[1]dih', -100000000.00, 0.00, NULL, NULL, 0, NULL, NULL, '2020-09-24 03:18:00', 'admin', '2020-09-24 03:18:00', NULL, NULL, NULL, 1),
	(5, 0, '2020-09-27', 'Cashbond: Perpanjang Pajak. (ID: 2)', -250000000.00, 0.00, 'admin', NULL, 0, NULL, NULL, '2020-09-27 23:31:49', NULL, '2020-09-27 23:31:49', NULL, NULL, NULL, 1),
	(6, 0, '2020-09-28', 'Cashbond: bbb. (ID: 3)', 25000000.00, 0.00, 'admin', NULL, 0, NULL, NULL, '2020-09-28 00:16:50', NULL, '2020-09-28 00:16:50', NULL, NULL, NULL, 1),
	(7, 0, '2020-09-28', 'Cashbond: bbb. (ID: 3)', -25000000.00, 0.00, 'admin', NULL, 0, NULL, NULL, '2020-09-28 00:16:59', NULL, '2020-09-28 00:16:59', NULL, NULL, NULL, 1),
	(8, 1, '2020-09-28', 'Cashbond: BBBBB. (ID: 1)', -450000.00, 0.00, 'admin', NULL, 0, NULL, NULL, '2020-09-28 04:41:51', NULL, '2020-09-28 04:41:51', NULL, NULL, NULL, 1),
	(9, 2, '2020-09-28', 'Cashbond: Tester123. (ID: 2)', -350000.00, 0.00, 'admin', NULL, 0, NULL, NULL, '2020-09-28 04:49:31', 'admin', '2020-09-28 04:49:31', NULL, NULL, NULL, 1);
/*!40000 ALTER TABLE `finance_treasure_history` ENABLE KEYS */;

-- Dumping structure for table jgc.general_cashbond
CREATE TABLE IF NOT EXISTS `general_cashbond` (
  `id` int(11) NOT NULL AUTO_INCREMENT,
  `subject` varchar(400) COLLATE utf8mb4_unicode_ci NOT NULL,
  `input_date` date NOT NULL,
  `m_approve` varchar(100) COLLATE utf8mb4_unicode_ci DEFAULT NULL,
  `m_approve_time` date DEFAULT NULL,
  `approved_by` varchar(200) COLLATE utf8mb4_unicode_ci DEFAULT NULL,
  `approved_time` date DEFAULT NULL,
  `currency` varchar(8) COLLATE utf8mb4_unicode_ci NOT NULL,
  `sisa` decimal(15,2) DEFAULT NULL,
  `division` varchar(80) COLLATE utf8mb4_unicode_ci DEFAULT NULL,
  `done` date DEFAULT NULL,
  `user` varchar(100) COLLATE utf8mb4_unicode_ci NOT NULL DEFAULT 'open',
  `project` varchar(40) COLLATE utf8mb4_unicode_ci DEFAULT NULL,
  `from` varchar(200) COLLATE utf8mb4_unicode_ci DEFAULT NULL,
  `vehicle` int(11) DEFAULT NULL,
  `dir_appr` varchar(100) COLLATE utf8mb4_unicode_ci DEFAULT NULL,
  `dir_appr_date` date DEFAULT NULL,
  `man_fin` varchar(100) COLLATE utf8mb4_unicode_ci DEFAULT NULL,
  `man_fin_date` date DEFAULT NULL,
  `m_appr_cashout` varchar(100) COLLATE utf8mb4_unicode_ci DEFAULT NULL,
  `m_appr_cashout_date` date DEFAULT NULL,
  `man_fin_cashout` varchar(100) COLLATE utf8mb4_unicode_ci DEFAULT NULL,
  `man_fin_cashout_date` date DEFAULT NULL,
  `is_private` int(11) NOT NULL DEFAULT 0,
  `created_by` varchar(50) COLLATE utf8mb4_unicode_ci DEFAULT NULL,
  `created_at` datetime DEFAULT NULL,
  `updated_by` varchar(50) COLLATE utf8mb4_unicode_ci DEFAULT NULL,
  `updated_at` datetime DEFAULT NULL,
  `deleted_by` varchar(50) COLLATE utf8mb4_unicode_ci DEFAULT NULL,
  `deleted_at` datetime DEFAULT NULL,
  `company_id` int(11) DEFAULT NULL,
  PRIMARY KEY (`id`)
) ENGINE=InnoDB AUTO_INCREMENT=4 DEFAULT CHARSET=utf8mb4 COLLATE=utf8mb4_unicode_ci;

-- Dumping data for table jgc.general_cashbond: ~3 rows (approximately)
/*!40000 ALTER TABLE `general_cashbond` DISABLE KEYS */;
INSERT INTO `general_cashbond` (`id`, `subject`, `input_date`, `m_approve`, `m_approve_time`, `approved_by`, `approved_time`, `currency`, `sisa`, `division`, `done`, `user`, `project`, `from`, `vehicle`, `dir_appr`, `dir_appr_date`, `man_fin`, `man_fin_date`, `m_appr_cashout`, `m_appr_cashout_date`, `man_fin_cashout`, `man_fin_cashout_date`, `is_private`, `created_by`, `created_at`, `updated_by`, `updated_at`, `deleted_by`, `deleted_at`, `company_id`) VALUES
	(1, 'Pergi Beli Air', '2020-09-27', NULL, NULL, NULL, NULL, 'IDR', NULL, 'Finance', NULL, 'open', '1', NULL, 1, NULL, NULL, NULL, NULL, NULL, NULL, NULL, '2020-10-01', 0, 'admin', '2020-09-27 05:33:54', NULL, '2020-09-27 05:33:54', NULL, NULL, 1),
	(2, 'Perpanjang Pajak', '2020-09-28', NULL, NULL, 'admin', '2020-09-27', 'IDR', NULL, 'Operation', NULL, 'open', '1', NULL, 6, NULL, NULL, NULL, NULL, NULL, NULL, NULL, '2020-10-01', 0, 'admin', '2020-09-27 05:38:48', NULL, '2020-09-27 23:31:49', NULL, NULL, 1),
	(3, 'bbb', '2020-09-23', 'admin', '2020-09-28', 'admin', '2020-09-28', 'IDR', 13000000.00, 'Consultant', '2020-09-28', 'admin', '1', NULL, 3, 'admin', '2020-09-28', NULL, NULL, NULL, NULL, NULL, '2020-09-30', 0, 'admin', '2020-09-27 07:06:03', NULL, '2020-09-28 00:16:59', NULL, NULL, 1);
/*!40000 ALTER TABLE `general_cashbond` ENABLE KEYS */;

-- Dumping structure for table jgc.general_cashbond_detail
CREATE TABLE IF NOT EXISTS `general_cashbond_detail` (
  `id` int(11) NOT NULL AUTO_INCREMENT,
  `id_cashbond` int(11) NOT NULL,
  `tanggal` date NOT NULL,
  `no_nota` varchar(400) COLLATE utf8mb4_unicode_ci NOT NULL,
  `deskripsi` text COLLATE utf8mb4_unicode_ci NOT NULL,
  `cashin` decimal(15,2) NOT NULL,
  `cashout` decimal(15,2) NOT NULL,
  `category` varchar(20) COLLATE utf8mb4_unicode_ci DEFAULT NULL,
  `source_string` varchar(100) COLLATE utf8mb4_unicode_ci DEFAULT NULL,
  `source_int` int(4) DEFAULT NULL,
  `fuel_type` varchar(300) COLLATE utf8mb4_unicode_ci DEFAULT NULL,
  `fuel_amount` decimal(15,2) DEFAULT NULL,
  `fuel_km` decimal(15,2) DEFAULT NULL,
  `fuel_id` int(11) DEFAULT NULL,
  `fuel_by` varchar(200) COLLATE utf8mb4_unicode_ci DEFAULT NULL,
  `created_by` varchar(50) COLLATE utf8mb4_unicode_ci DEFAULT NULL,
  `created_at` datetime DEFAULT NULL,
  `updated_by` varchar(50) COLLATE utf8mb4_unicode_ci DEFAULT NULL,
  `updated_at` datetime DEFAULT NULL,
  `deleted_by` varchar(50) COLLATE utf8mb4_unicode_ci DEFAULT NULL,
  `deleted_at` datetime DEFAULT NULL,
  PRIMARY KEY (`id`)
) ENGINE=InnoDB AUTO_INCREMENT=10 DEFAULT CHARSET=utf8mb4 COLLATE=utf8mb4_unicode_ci;

-- Dumping data for table jgc.general_cashbond_detail: ~9 rows (approximately)
/*!40000 ALTER TABLE `general_cashbond_detail` DISABLE KEYS */;
INSERT INTO `general_cashbond_detail` (`id`, `id_cashbond`, `tanggal`, `no_nota`, `deskripsi`, `cashin`, `cashout`, `category`, `source_string`, `source_int`, `fuel_type`, `fuel_amount`, `fuel_km`, `fuel_id`, `fuel_by`, `created_by`, `created_at`, `updated_by`, `updated_at`, `deleted_by`, `deleted_at`) VALUES
	(1, 2, '2020-09-28', 'KK889898', 'Tester', 250000000.00, 0.00, NULL, 'BR', 0, NULL, NULL, NULL, NULL, NULL, NULL, '2020-09-27 17:17:41', NULL, '2020-09-27 17:36:39', NULL, NULL),
	(2, 2, '2020-09-27', 'LL998989', 'Tes123', 25000000.00, 0.00, NULL, 'BR', 0, NULL, NULL, NULL, NULL, NULL, 'admin', '2020-09-27 17:37:13', NULL, '2020-09-27 18:02:38', NULL, '2020-09-27 18:02:38'),
	(3, 2, '2020-09-28', 'LL009909', 'Tester', 0.00, 15000000.00, '30', 'BR', 0, NULL, NULL, NULL, NULL, NULL, 'admin', '2020-09-27 20:24:06', NULL, '2020-09-27 20:24:06', NULL, NULL),
	(4, 2, '2020-09-29', 'II990909', 'Tester 2', 0.00, 20000000.00, '37', 'BR', 0, NULL, NULL, NULL, NULL, NULL, 'admin', '2020-09-27 20:36:51', NULL, '2020-09-27 20:36:51', NULL, NULL),
	(5, 2, '2020-09-29', 'II998981', 'Tester 3', 0.00, 5000000.00, '30', 'BR', 0, NULL, NULL, NULL, NULL, NULL, 'admin', '2020-09-27 20:44:58', NULL, '2020-09-27 20:44:58', NULL, NULL),
	(6, 2, '2020-09-26', 'bbb222', 'Tester 4', 0.00, 50000000.00, '36', 'BR', 0, NULL, NULL, NULL, NULL, NULL, 'admin', '2020-09-27 20:51:06', 'admin', '2020-09-27 20:54:50', NULL, NULL),
	(7, 2, '2020-09-28', 'B445545', 'Bensin', 0.00, 12000000.00, '47', 'BR', 0, NULL, NULL, NULL, NULL, NULL, 'admin', '2020-09-27 20:51:54', NULL, '2020-09-27 20:51:54', NULL, NULL),
	(8, 3, '2020-09-21', 'tyrty56756', 'rwrewer', 25000000.00, 0.00, NULL, 'BR', 0, NULL, NULL, NULL, NULL, NULL, 'admin', '2020-09-27 23:34:47', NULL, '2020-09-27 23:34:47', NULL, NULL),
	(9, 3, '2020-09-23', 'bbbwe553', 'tt543rtedfgd', 0.00, 12000000.00, '19', 'BR', 0, NULL, NULL, NULL, NULL, NULL, 'admin', '2020-09-27 23:35:04', NULL, '2020-09-27 23:35:04', NULL, NULL);
/*!40000 ALTER TABLE `general_cashbond_detail` ENABLE KEYS */;

-- Dumping structure for table jgc.general_reimburse
CREATE TABLE IF NOT EXISTS `general_reimburse` (
  `id` int(11) NOT NULL AUTO_INCREMENT,
  `subject` varchar(400) COLLATE utf8mb4_unicode_ci NOT NULL,
  `input_date` date NOT NULL,
  `m_approve` varchar(100) COLLATE utf8mb4_unicode_ci DEFAULT NULL,
  `m_approve_time` date DEFAULT NULL,
  `approved_by` varchar(200) COLLATE utf8mb4_unicode_ci DEFAULT NULL,
  `approved_time` date DEFAULT NULL,
  `currency` varchar(8) COLLATE utf8mb4_unicode_ci NOT NULL,
  `sisa` decimal(15,2) DEFAULT NULL,
  `division` varchar(80) COLLATE utf8mb4_unicode_ci DEFAULT NULL,
  `done` date DEFAULT NULL,
  `user` varchar(100) COLLATE utf8mb4_unicode_ci NOT NULL DEFAULT 'open',
  `project` varchar(40) COLLATE utf8mb4_unicode_ci DEFAULT NULL,
  `created_by` varchar(40) COLLATE utf8mb4_unicode_ci DEFAULT NULL,
  `updated_by` varchar(40) COLLATE utf8mb4_unicode_ci DEFAULT NULL,
  `deleted_by` varchar(40) COLLATE utf8mb4_unicode_ci DEFAULT NULL,
  `created_at` datetime DEFAULT NULL,
  `updated_at` datetime DEFAULT NULL,
  `deleted_at` datetime DEFAULT NULL,
  `company_id` int(11) DEFAULT NULL,
  PRIMARY KEY (`id`)
) ENGINE=InnoDB AUTO_INCREMENT=4 DEFAULT CHARSET=utf8mb4 COLLATE=utf8mb4_unicode_ci;

-- Dumping data for table jgc.general_reimburse: ~0 rows (approximately)
/*!40000 ALTER TABLE `general_reimburse` DISABLE KEYS */;
INSERT INTO `general_reimburse` (`id`, `subject`, `input_date`, `m_approve`, `m_approve_time`, `approved_by`, `approved_time`, `currency`, `sisa`, `division`, `done`, `user`, `project`, `created_by`, `updated_by`, `deleted_by`, `created_at`, `updated_at`, `deleted_at`, `company_id`) VALUES
	(1, 'BBBBB', '2020-09-28', 'admin', '2020-09-28', 'admin', '2020-09-28', 'IDR', 0.00, 'Finance', '2020-09-28', 'open', '1', 'admin', NULL, NULL, '2020-09-28 02:00:05', '2020-09-28 04:42:05', NULL, 1),
	(2, 'Tester123', '2020-09-30', 'admin', '2020-09-28', 'admin', '2020-09-28', 'IDR', 0.00, 'Consultant', '2020-09-28', 'admin', '1', 'admin', NULL, NULL, '2020-09-28 03:16:19', '2020-09-28 04:49:37', NULL, 1),
	(3, 'bbb123', '2020-09-28', NULL, NULL, NULL, NULL, 'IDR', NULL, 'Asset', NULL, 'open', '1', 'admin', NULL, NULL, '2020-09-28 03:18:40', '2020-09-28 04:07:19', NULL, 1);
/*!40000 ALTER TABLE `general_reimburse` ENABLE KEYS */;

-- Dumping structure for table jgc.general_reimburse_detail
CREATE TABLE IF NOT EXISTS `general_reimburse_detail` (
  `id` int(11) NOT NULL AUTO_INCREMENT,
  `id_reimburse` int(11) NOT NULL,
  `tanggal` date NOT NULL,
  `no_nota` varchar(400) COLLATE utf8mb4_unicode_ci NOT NULL,
  `deskripsi` text COLLATE utf8mb4_unicode_ci NOT NULL,
  `cashin` decimal(15,2) NOT NULL,
  `cashout` decimal(15,2) NOT NULL,
  `category` varchar(20) COLLATE utf8mb4_unicode_ci DEFAULT NULL,
  `source_string` varchar(100) COLLATE utf8mb4_unicode_ci DEFAULT NULL,
  `source_int` int(4) DEFAULT NULL,
  `created_by` varchar(40) COLLATE utf8mb4_unicode_ci DEFAULT NULL,
  `updated_by` varchar(40) COLLATE utf8mb4_unicode_ci DEFAULT NULL,
  `deleted_by` varchar(40) COLLATE utf8mb4_unicode_ci DEFAULT NULL,
  `created_at` datetime DEFAULT NULL,
  `updated_at` datetime DEFAULT NULL,
  `deleted_at` datetime DEFAULT NULL,
  PRIMARY KEY (`id`)
) ENGINE=InnoDB AUTO_INCREMENT=6 DEFAULT CHARSET=utf8mb4 COLLATE=utf8mb4_unicode_ci;

-- Dumping data for table jgc.general_reimburse_detail: ~0 rows (approximately)
/*!40000 ALTER TABLE `general_reimburse_detail` DISABLE KEYS */;
INSERT INTO `general_reimburse_detail` (`id`, `id_reimburse`, `tanggal`, `no_nota`, `deskripsi`, `cashin`, `cashout`, `category`, `source_string`, `source_int`, `created_by`, `updated_by`, `deleted_by`, `created_at`, `updated_at`, `deleted_at`) VALUES
	(1, 1, '2020-09-28', 'bbb4455455', 'tes', 0.00, 120000.00, '30', 'BR', 0, 'admin', NULL, NULL, '2020-09-28 03:39:40', '2020-09-28 03:39:40', NULL),
	(2, 1, '2020-09-28', 'sasd3263', 'yay', 0.00, 130000.00, '30', 'BR', 0, 'admin', 'admin', NULL, '2020-09-28 03:44:32', '2020-09-28 03:45:35', NULL),
	(3, 1, '2020-09-28', '0021254865', 'pertilite', 0.00, 200000.00, '47', 'BR', 0, 'admin', NULL, NULL, '2020-09-28 03:56:28', '2020-09-28 03:56:28', NULL),
	(4, 2, '2020-09-30', 'bbbe2342', 'dasdasda', 0.00, 350000.00, '6', 'BR', 0, 'admin', NULL, NULL, '2020-09-28 04:06:29', '2020-09-28 04:06:29', NULL),
	(5, 3, '2020-09-28', 'ss34263256', 'Tsdfs', 0.00, 1200000.00, '41', 'BR', 0, 'admin', NULL, NULL, '2020-09-28 04:07:20', '2020-09-28 04:07:20', NULL);
/*!40000 ALTER TABLE `general_reimburse_detail` ENABLE KEYS */;

-- Dumping structure for table jgc.new_category
CREATE TABLE IF NOT EXISTS `new_category` (
  `id` int(11) NOT NULL AUTO_INCREMENT,
  `id_parent` int(11) NOT NULL DEFAULT 0,
  `name` varchar(250) COLLATE utf8mb4_unicode_ci NOT NULL,
  `created_at` datetime DEFAULT NULL,
  `updated_at` datetime DEFAULT NULL,
  `deleted_at` datetime DEFAULT NULL,
  `created_by` varchar(50) COLLATE utf8mb4_unicode_ci DEFAULT NULL,
  `updated_by` varchar(50) COLLATE utf8mb4_unicode_ci DEFAULT NULL,
  `deleted_by` varchar(50) COLLATE utf8mb4_unicode_ci DEFAULT NULL,
  PRIMARY KEY (`id`)
) ENGINE=InnoDB AUTO_INCREMENT=1001 DEFAULT CHARSET=utf8mb4 COLLATE=utf8mb4_unicode_ci;

-- Dumping data for table jgc.new_category: ~703 rows (approximately)
/*!40000 ALTER TABLE `new_category` DISABLE KEYS */;
INSERT INTO `new_category` (`id`, `id_parent`, `name`, `created_at`, `updated_at`, `deleted_at`, `created_by`, `updated_by`, `deleted_by`) VALUES
	(1, 0, 'Agriculture & Food', NULL, NULL, NULL, NULL, NULL, NULL),
	(2, 0, 'Apparel, Textiles & Accessories', NULL, NULL, NULL, NULL, NULL, NULL),
	(3, 0, 'Auto & Transportation', NULL, NULL, NULL, NULL, NULL, NULL),
	(4, 0, 'Bags, Shoes & Accessories', NULL, NULL, NULL, NULL, NULL, NULL),
	(5, 0, 'Electronics', NULL, NULL, NULL, NULL, NULL, NULL),
	(6, 0, 'Electrical Equipment, Components & Telecoms', NULL, NULL, NULL, NULL, NULL, NULL),
	(7, 0, 'Gift, Sports & Toys', NULL, NULL, NULL, NULL, NULL, NULL),
	(8, 0, 'Health & Beauty', NULL, NULL, NULL, NULL, NULL, NULL),
	(9, 0, 'Home, Lights & Construction', NULL, NULL, NULL, NULL, NULL, NULL),
	(11, 0, 'Metallurgy, Chemicals, Rubber & Plastics', NULL, NULL, NULL, NULL, NULL, NULL),
	(12, 0, 'Packaging, Advertising & Office', NULL, NULL, NULL, NULL, NULL, NULL),
	(13, 0, 'Machinery, Industrial Parts, Tools', NULL, NULL, NULL, NULL, NULL, NULL),
	(14, 1, 'Agriculture', NULL, '2020-09-27 14:52:51', NULL, NULL, NULL, NULL),
	(15, 12, 'Office & School Supplies', NULL, NULL, NULL, NULL, NULL, NULL),
	(17, 15, 'Printer Supplies', NULL, NULL, NULL, NULL, NULL, NULL),
	(18, 17, 'Ink Cartridges', NULL, NULL, NULL, NULL, NULL, NULL),
	(19, 15, 'Stamps', NULL, NULL, NULL, NULL, NULL, NULL),
	(20, 5, 'Computer Hardware & Software', NULL, NULL, NULL, NULL, NULL, NULL),
	(21, 15, 'Office Equipment', NULL, NULL, NULL, NULL, NULL, NULL),
	(22, 15, 'Writing Instruments', NULL, NULL, NULL, NULL, NULL, NULL),
	(23, 15, 'Office Paper', NULL, NULL, NULL, NULL, NULL, NULL),
	(24, 23, 'Copy Paper', NULL, NULL, NULL, NULL, NULL, NULL),
	(25, 23, 'Photo Paper', NULL, NULL, NULL, NULL, NULL, NULL),
	(26, 23, 'Carbonless Paper', NULL, NULL, NULL, NULL, NULL, NULL),
	(27, 22, 'Pens', NULL, NULL, NULL, NULL, NULL, NULL),
	(28, 22, 'Pencils', NULL, NULL, NULL, NULL, NULL, NULL),
	(29, 20, 'Printers', NULL, NULL, NULL, NULL, NULL, NULL),
	(30, 20, 'Scanners', NULL, NULL, NULL, NULL, NULL, NULL),
	(31, 20, 'Laptops', NULL, NULL, NULL, NULL, NULL, NULL),
	(33, 20, 'Monitors', NULL, NULL, NULL, NULL, NULL, NULL),
	(34, 23, 'Thermal Fax Paper', NULL, NULL, NULL, NULL, NULL, NULL),
	(35, 15, 'Office Binding Supplies', NULL, NULL, NULL, NULL, NULL, NULL),
	(37, 35, 'Staplers', NULL, NULL, NULL, NULL, NULL, NULL),
	(38, 35, 'Hole Punch', NULL, NULL, NULL, NULL, NULL, NULL),
	(39, 35, 'Staples', NULL, NULL, NULL, NULL, NULL, NULL),
	(40, 35, 'Pin', NULL, NULL, NULL, NULL, NULL, NULL),
	(41, 35, 'Clips', NULL, NULL, NULL, NULL, NULL, NULL),
	(43, 35, 'Staple Remover', NULL, NULL, NULL, NULL, NULL, NULL),
	(44, 15, 'Notebooks & Writing Pads', NULL, NULL, NULL, NULL, NULL, NULL),
	(45, 44, 'Notebooks', NULL, NULL, NULL, NULL, NULL, NULL),
	(46, 44, 'Memo Pads', NULL, NULL, NULL, NULL, NULL, NULL),
	(47, 44, 'Spiral Notebook', NULL, NULL, NULL, NULL, NULL, NULL),
	(48, 44, 'Address Book', NULL, NULL, NULL, NULL, NULL, NULL),
	(49, 5, 'Home Appliance', NULL, NULL, NULL, NULL, NULL, NULL),
	(50, 5, 'Consumer Electronic', NULL, NULL, NULL, NULL, NULL, NULL),
	(51, 5, 'Security & Protection', NULL, NULL, NULL, NULL, NULL, NULL),
	(52, 51, 'CCTV Products', NULL, NULL, NULL, NULL, NULL, NULL),
	(53, 51, 'Key', NULL, NULL, NULL, NULL, NULL, NULL),
	(54, 51, 'Locks', NULL, NULL, NULL, NULL, NULL, NULL),
	(55, 50, 'Television', NULL, NULL, NULL, NULL, NULL, NULL),
	(56, 50, 'Accessories & Parts', NULL, NULL, NULL, NULL, NULL, NULL),
	(57, 50, 'Camera, Photo & Accessories', NULL, NULL, NULL, NULL, NULL, NULL),
	(58, 50, 'Speaker', NULL, NULL, NULL, NULL, NULL, NULL),
	(59, 50, 'Cables', NULL, NULL, NULL, NULL, NULL, NULL),
	(60, 49, 'Air Conditioning Appliances', NULL, NULL, NULL, NULL, NULL, NULL),
	(61, 49, 'Kitchen Appliances', NULL, NULL, NULL, NULL, NULL, NULL),
	(63, 13, 'Mechanical Parts & Fabrication Services', NULL, NULL, NULL, NULL, NULL, NULL),
	(64, 63, 'Seals', NULL, NULL, NULL, NULL, NULL, NULL),
	(65, 49, 'Cleaning Appliances', NULL, NULL, NULL, NULL, NULL, NULL),
	(66, 65, 'Vacuum Cleaner', NULL, NULL, NULL, NULL, NULL, NULL),
	(68, 49, 'Refrigerators & Freezers', NULL, NULL, NULL, NULL, NULL, NULL),
	(69, 68, 'Refrigerators', NULL, NULL, NULL, NULL, NULL, NULL),
	(70, 68, 'Freezer', NULL, NULL, NULL, NULL, NULL, NULL),
	(71, 68, 'Ice Makers', NULL, NULL, NULL, NULL, NULL, NULL),
	(72, 49, 'Laundry Appliances', NULL, NULL, NULL, NULL, NULL, NULL),
	(73, 49, 'Home Appliance Parts', NULL, NULL, NULL, NULL, NULL, NULL),
	(74, 60, 'Air Conditioners', NULL, NULL, NULL, NULL, NULL, NULL),
	(75, 60, 'Air Purifiers', NULL, NULL, NULL, NULL, NULL, NULL),
	(76, 135, 'Water Treatment Appliances', NULL, NULL, NULL, NULL, NULL, NULL),
	(77, 76, 'Water Filter', NULL, NULL, NULL, NULL, NULL, NULL),
	(78, 76, 'Water Dispenser', NULL, NULL, NULL, NULL, NULL, NULL),
	(79, 13, 'Machinery', NULL, NULL, NULL, NULL, NULL, NULL),
	(80, 13, 'Measurement & Analysis Instruments', NULL, NULL, NULL, NULL, NULL, NULL),
	(81, 13, 'Tools', NULL, NULL, NULL, NULL, NULL, NULL),
	(82, 13, 'Hardware', NULL, NULL, NULL, NULL, NULL, NULL),
	(83, 63, 'Valves', NULL, NULL, NULL, NULL, NULL, NULL),
	(84, 63, 'Pumps & Parts', NULL, NULL, NULL, NULL, NULL, NULL),
	(85, 63, 'Motors', NULL, NULL, NULL, NULL, NULL, NULL),
	(86, 63, 'Pipe Fittings', NULL, NULL, NULL, NULL, NULL, NULL),
	(87, 63, 'Moulds', NULL, NULL, NULL, NULL, NULL, NULL),
	(88, 63, 'Machine Tools Accessories', NULL, NULL, NULL, NULL, NULL, NULL),
	(89, 84, 'Pumps', NULL, NULL, NULL, NULL, NULL, NULL),
	(90, 84, 'Impellers', NULL, NULL, NULL, NULL, NULL, NULL),
	(91, 84, 'Pump Shaft', NULL, NULL, NULL, NULL, NULL, NULL),
	(92, 84, 'Pump Casing', NULL, NULL, NULL, NULL, NULL, NULL),
	(93, 21, 'Laminator', NULL, NULL, NULL, NULL, NULL, NULL),
	(94, 21, 'Fingerprint Attendance', NULL, NULL, NULL, NULL, NULL, NULL),
	(95, 21, 'Copiers', NULL, NULL, NULL, NULL, NULL, NULL),
	(96, 21, 'Shredder', NULL, NULL, NULL, NULL, NULL, NULL),
	(97, 21, 'Fax Machines', NULL, NULL, NULL, NULL, NULL, NULL),
	(98, 21, 'Presentation Equipment', NULL, NULL, NULL, NULL, NULL, NULL),
	(99, 98, 'Projection Screens', NULL, NULL, NULL, NULL, NULL, NULL),
	(100, 98, 'Laser Pointers', NULL, NULL, NULL, NULL, NULL, NULL),
	(101, 15, 'Filing Products', NULL, NULL, NULL, NULL, NULL, NULL),
	(102, 101, 'File Folder', NULL, NULL, NULL, NULL, NULL, NULL),
	(103, 101, 'Ring Binder', NULL, NULL, NULL, NULL, NULL, NULL),
	(104, 9, 'Construction & Real Estate', NULL, NULL, NULL, NULL, NULL, NULL),
	(105, 9, 'Home & Garden', NULL, NULL, NULL, NULL, NULL, NULL),
	(106, 9, 'Lights & Lighting', NULL, NULL, NULL, NULL, NULL, NULL),
	(107, 9, 'Furniture', NULL, NULL, NULL, NULL, NULL, NULL),
	(108, 107, 'Commercial Furniture', NULL, NULL, NULL, NULL, NULL, NULL),
	(109, 107, 'Home Furniture', NULL, NULL, NULL, NULL, NULL, NULL),
	(110, 107, 'Furniture Parts', NULL, NULL, NULL, NULL, NULL, NULL),
	(111, 107, 'Outdoor Furniture', NULL, NULL, NULL, NULL, NULL, NULL),
	(112, 107, 'Furniture Accessories', NULL, NULL, NULL, NULL, NULL, NULL),
	(113, 82, 'Bolts', NULL, NULL, NULL, NULL, NULL, NULL),
	(114, 82, 'Nails', NULL, NULL, NULL, NULL, NULL, NULL),
	(115, 555, 'Screws', NULL, NULL, NULL, NULL, NULL, NULL),
	(116, 6, 'Electrical Equipment & Supplies ', NULL, NULL, NULL, NULL, NULL, NULL),
	(117, 6, 'Telecommunication', NULL, NULL, NULL, NULL, NULL, NULL),
	(118, 116, 'Batteries', NULL, NULL, NULL, NULL, NULL, NULL),
	(119, 116, 'Circuit Breakers', NULL, NULL, NULL, NULL, NULL, NULL),
	(120, 116, 'Fuses', NULL, NULL, NULL, NULL, NULL, NULL),
	(121, 116, 'Relays', NULL, NULL, NULL, NULL, NULL, NULL),
	(122, 116, 'Power Supplies', NULL, NULL, NULL, NULL, NULL, NULL),
	(123, 117, 'PBX', NULL, NULL, NULL, NULL, NULL, NULL),
	(124, 117, 'Communication Equipment', NULL, NULL, NULL, NULL, NULL, NULL),
	(125, 117, 'Telephones & Accessories', NULL, NULL, NULL, NULL, NULL, NULL),
	(126, 117, 'Fiber Optic Equipment', NULL, NULL, NULL, NULL, NULL, NULL),
	(127, 7, 'Sports & Entertainment', NULL, NULL, NULL, NULL, NULL, NULL),
	(128, 7, 'Gifts & Crafts', NULL, NULL, NULL, NULL, NULL, NULL),
	(129, 7, 'Toys & Hobbies', NULL, NULL, NULL, NULL, NULL, NULL),
	(130, 127, 'Golf', NULL, NULL, NULL, NULL, NULL, NULL),
	(131, 127, 'Futsal', NULL, NULL, NULL, NULL, NULL, NULL),
	(132, 11, 'Minerals & Metallurgy', NULL, NULL, NULL, NULL, NULL, NULL),
	(133, 11, 'Chemicals', NULL, NULL, NULL, NULL, NULL, NULL),
	(134, 11, 'Rubber & Plastics', NULL, NULL, NULL, NULL, NULL, NULL),
	(135, 11, 'Environment', NULL, NULL, NULL, NULL, NULL, NULL),
	(136, 11, 'Energy', NULL, NULL, NULL, NULL, NULL, NULL),
	(137, 8, 'Health & Medical ', NULL, NULL, NULL, NULL, NULL, NULL),
	(138, 8, 'Beauty & Personal Care', NULL, NULL, NULL, NULL, NULL, NULL),
	(139, 4, 'Luggage, Bags & Cases', NULL, NULL, NULL, NULL, NULL, NULL),
	(140, 4, 'Shoes & Accessories ', NULL, NULL, NULL, NULL, NULL, NULL),
	(141, 140, 'Sports Shoes', NULL, NULL, NULL, NULL, NULL, NULL),
	(142, 139, 'Luggage Sets', NULL, NULL, NULL, NULL, NULL, NULL),
	(143, 3, 'Automobiles & Motorcycles', NULL, NULL, NULL, NULL, NULL, NULL),
	(144, 3, 'Transportation', NULL, NULL, NULL, NULL, NULL, NULL),
	(145, 144, 'Bicycle', NULL, NULL, NULL, NULL, NULL, NULL),
	(146, 143, 'Brake System', NULL, NULL, NULL, NULL, NULL, NULL),
	(147, 143, 'Cooling System', NULL, NULL, NULL, NULL, NULL, NULL),
	(148, 143, 'Exhaust System', NULL, NULL, NULL, NULL, NULL, NULL),
	(149, 143, 'Body Parts', NULL, NULL, NULL, NULL, NULL, NULL),
	(150, 2, 'Apparel', NULL, NULL, NULL, NULL, NULL, NULL),
	(151, 2, 'Textile & Leather Product ', NULL, NULL, NULL, NULL, NULL, NULL),
	(152, 2, 'Fashion Accessories', NULL, NULL, NULL, NULL, NULL, NULL),
	(153, 2, 'Timepieces, Jewelry, Eyewear ', NULL, NULL, NULL, NULL, NULL, NULL),
	(154, 1, 'Food & Beverage ', NULL, NULL, NULL, NULL, NULL, NULL),
	(155, 154, 'Instant Food', NULL, NULL, NULL, NULL, NULL, NULL),
	(156, 154, 'Seafood', NULL, NULL, NULL, NULL, NULL, NULL),
	(157, 154, 'Health Care Supplement', NULL, NULL, NULL, NULL, NULL, NULL),
	(158, 50, 'Mobile Phone & Accessories', NULL, NULL, NULL, NULL, NULL, NULL),
	(159, 50, 'Home Audio, Video & Accessories', NULL, NULL, NULL, NULL, NULL, NULL),
	(160, 50, 'Auto Electronics', NULL, NULL, NULL, NULL, NULL, NULL),
	(161, 50, 'Portable Audio, Video & Accessories', NULL, NULL, NULL, NULL, NULL, NULL),
	(162, 20, 'Mouse & Keyboards', NULL, NULL, NULL, NULL, NULL, NULL),
	(163, 162, 'Mouse', NULL, NULL, NULL, NULL, NULL, NULL),
	(164, 162, 'Keyboards', NULL, NULL, NULL, NULL, NULL, NULL),
	(165, 162, 'Mouse Pads', NULL, NULL, NULL, NULL, NULL, NULL),
	(166, 20, 'Laptop Accessories', NULL, NULL, NULL, NULL, NULL, NULL),
	(167, 166, 'Laptop Bags', NULL, NULL, NULL, NULL, NULL, NULL),
	(168, 166, 'Laptop Adapter ', NULL, NULL, NULL, NULL, NULL, NULL),
	(169, 143, 'Interior Accessories', NULL, NULL, NULL, NULL, NULL, NULL),
	(171, 144, 'Car', NULL, NULL, NULL, NULL, NULL, NULL),
	(172, 144, 'Motorcylce', NULL, NULL, NULL, NULL, NULL, NULL),
	(173, 83, 'Choke Beans', NULL, NULL, NULL, NULL, NULL, NULL),
	(176, 138, 'Sanitary Paper', NULL, NULL, NULL, NULL, NULL, NULL),
	(177, 138, 'Essential Oil', NULL, NULL, NULL, NULL, NULL, NULL),
	(178, 51, 'Workplace Safety Supplies', NULL, NULL, NULL, NULL, NULL, NULL),
	(179, 178, 'Safety Goggles', NULL, NULL, NULL, NULL, NULL, NULL),
	(180, 128, 'Home Decoration', NULL, NULL, NULL, NULL, NULL, NULL),
	(182, 180, 'Candles', NULL, NULL, NULL, NULL, NULL, NULL),
	(183, 138, 'Bath Supplies', NULL, NULL, NULL, NULL, NULL, NULL),
	(184, 105, 'Household Chemicals', NULL, NULL, NULL, NULL, NULL, NULL),
	(185, 184, 'Detergent', NULL, NULL, NULL, NULL, NULL, NULL),
	(186, 118, 'Primary & Dry Batteries', NULL, NULL, NULL, NULL, NULL, NULL),
	(187, 178, 'Ear Protector', NULL, NULL, NULL, NULL, NULL, NULL),
	(188, 15, 'Books', NULL, NULL, NULL, NULL, NULL, NULL),
	(189, 15, 'Forms', NULL, NULL, NULL, NULL, NULL, NULL),
	(190, 154, 'Seasonings & Condiments', NULL, NULL, NULL, NULL, NULL, NULL),
	(191, 190, 'Sugar', NULL, NULL, NULL, NULL, NULL, NULL),
	(193, 154, 'Coffee', NULL, NULL, NULL, NULL, NULL, NULL),
	(194, 193, 'Instant Coffee', NULL, NULL, NULL, NULL, NULL, NULL),
	(196, 154, 'Tea', NULL, NULL, NULL, NULL, NULL, NULL),
	(197, 196, 'Black Tea', NULL, NULL, NULL, NULL, NULL, NULL),
	(198, 116, 'Wires, Cables & Cable Assemblies', NULL, NULL, NULL, NULL, NULL, NULL),
	(199, 198, 'Power Cables', NULL, NULL, NULL, NULL, NULL, NULL),
	(200, 15, 'Paper Envelopes', NULL, NULL, NULL, NULL, NULL, NULL),
	(201, 184, 'Air Fresheners', NULL, NULL, NULL, NULL, NULL, NULL),
	(203, 104, 'Kitchen', NULL, NULL, NULL, NULL, NULL, NULL),
	(204, 203, 'Kitchen Sinks', NULL, NULL, NULL, NULL, NULL, NULL),
	(205, 198, 'Electrical Wires', NULL, NULL, NULL, NULL, NULL, NULL),
	(206, 178, 'Face Shield', NULL, NULL, NULL, NULL, NULL, NULL),
	(207, 12, 'Packaging & Printing', NULL, NULL, NULL, NULL, NULL, NULL),
	(208, 207, 'Packaging Bags', NULL, NULL, NULL, NULL, NULL, NULL),
	(209, 105, 'Bathroom Products', NULL, NULL, NULL, NULL, NULL, NULL),
	(210, 209, 'Bath Brushes, Sponges & Scrubbers', NULL, NULL, NULL, NULL, NULL, NULL),
	(212, 105, 'Household Sundries', NULL, NULL, NULL, NULL, NULL, NULL),
	(213, 212, 'Pest Control', NULL, NULL, NULL, NULL, NULL, NULL),
	(214, 207, 'Adhesive Tape', NULL, NULL, NULL, NULL, NULL, NULL),
	(215, 128, 'Flags, Banners & Accessories', NULL, NULL, NULL, NULL, NULL, NULL),
	(216, 105, 'Household Cleaning Tools & Accessories', NULL, NULL, NULL, NULL, NULL, NULL),
	(217, 216, 'Squeegees', NULL, NULL, NULL, NULL, NULL, NULL),
	(218, 15, 'Board', NULL, NULL, NULL, NULL, NULL, NULL),
	(219, 218, 'Sign Board', NULL, NULL, NULL, NULL, NULL, NULL),
	(221, 133, 'Paints & Coatings', NULL, NULL, NULL, NULL, NULL, NULL),
	(222, 221, 'Building Coating', NULL, NULL, NULL, NULL, NULL, NULL),
	(223, 80, 'Flow Measuring Instruments', NULL, NULL, NULL, NULL, NULL, NULL),
	(224, 223, 'Flow Meters', NULL, NULL, NULL, NULL, NULL, NULL),
	(225, 63, 'Gaskets', NULL, NULL, NULL, NULL, NULL, NULL),
	(226, 116, 'Wiring Accessories', NULL, NULL, NULL, NULL, NULL, NULL),
	(227, 226, 'Cable Trays', NULL, NULL, NULL, NULL, NULL, NULL),
	(228, 116, 'Connectors & Terminals', NULL, NULL, NULL, NULL, NULL, NULL),
	(229, 228, 'Terminals', NULL, NULL, NULL, NULL, NULL, NULL),
	(230, 143, 'Car Care & Cleaning', NULL, NULL, NULL, NULL, NULL, NULL),
	(231, 230, 'Car Care Products', NULL, NULL, NULL, NULL, NULL, NULL),
	(232, 231, 'Lubricants', NULL, NULL, NULL, NULL, NULL, NULL),
	(233, 132, 'Steel', NULL, NULL, NULL, NULL, NULL, NULL),
	(234, 233, 'Steel Wire', NULL, NULL, NULL, NULL, NULL, NULL),
	(235, 226, 'Cable Ties', NULL, NULL, NULL, NULL, NULL, NULL),
	(236, 104, 'Door & Window Accessories', NULL, NULL, NULL, NULL, NULL, NULL),
	(237, 236, 'Door & Window Rollers', NULL, NULL, NULL, NULL, NULL, NULL),
	(239, 82, 'Nuts', NULL, NULL, NULL, NULL, NULL, NULL),
	(240, 135, 'Water Treatment', NULL, NULL, NULL, NULL, NULL, NULL),
	(241, 132, 'Cast & Forged', NULL, NULL, NULL, NULL, NULL, NULL),
	(242, 150, 'Jackets', NULL, NULL, NULL, NULL, NULL, NULL),
	(243, 150, 'Workwear', NULL, NULL, NULL, NULL, NULL, NULL),
	(244, 140, 'Special Purpose Shoes', NULL, NULL, NULL, NULL, NULL, NULL),
	(245, 244, 'Safety Shoes', NULL, NULL, NULL, NULL, NULL, NULL),
	(246, 178, 'Safety Helmet', NULL, NULL, NULL, NULL, NULL, NULL),
	(248, 63, 'Welding & Soldering Supplies', NULL, NULL, NULL, NULL, NULL, NULL),
	(249, 248, 'Welding Rods', NULL, NULL, NULL, NULL, NULL, NULL),
	(250, 133, 'Catalysts & Chemical Auxiliary Agents', NULL, NULL, NULL, NULL, NULL, NULL),
	(251, 250, 'Chemical Auxiliary Agent', NULL, NULL, NULL, NULL, NULL, NULL),
	(252, 251, 'Petroleum Additives', NULL, NULL, NULL, NULL, NULL, NULL),
	(253, 144, 'Trailers', NULL, NULL, NULL, NULL, NULL, NULL),
	(254, 253, 'Truck Trailer', NULL, NULL, NULL, NULL, NULL, NULL),
	(255, 253, 'Trailer Parts', NULL, NULL, NULL, NULL, NULL, NULL),
	(256, 80, 'Pressure Measuring Instruments', NULL, NULL, NULL, NULL, NULL, NULL),
	(257, 256, 'Pressure Transmitters', NULL, NULL, NULL, NULL, NULL, NULL),
	(258, 133, 'Adhesives & Sealants', NULL, NULL, NULL, NULL, NULL, NULL),
	(259, 63, 'Bearings', NULL, NULL, NULL, NULL, NULL, NULL),
	(260, 226, 'Cable Conduits', NULL, NULL, NULL, NULL, NULL, NULL),
	(261, 134, 'Plastic Products', NULL, NULL, NULL, NULL, NULL, NULL),
	(262, 261, 'Plastic Tubes', NULL, NULL, NULL, NULL, NULL, NULL),
	(263, 221, 'Appliance Paint', NULL, NULL, NULL, NULL, NULL, NULL),
	(264, 6, 'Electronic Components & Supplies', NULL, NULL, NULL, NULL, NULL, NULL),
	(265, 264, 'Electronic Accessories & Supplies', NULL, NULL, NULL, NULL, NULL, NULL),
	(266, 265, 'Insulation Materials & Elements', NULL, NULL, NULL, NULL, NULL, NULL),
	(267, 248, 'Welding Helmets', NULL, NULL, NULL, NULL, NULL, NULL),
	(268, 108, 'Office Furniture', NULL, NULL, NULL, NULL, NULL, NULL),
	(269, 268, 'Office Chairs', NULL, NULL, NULL, NULL, NULL, NULL),
	(270, 178, 'Safety Gloves', NULL, NULL, NULL, NULL, NULL, NULL),
	(271, 116, 'Electrical Plugs & Sockets', NULL, NULL, NULL, NULL, NULL, NULL),
	(272, 81, 'Power Tools', NULL, NULL, NULL, NULL, NULL, NULL),
	(274, 272, 'Drill Bit', NULL, NULL, NULL, NULL, NULL, NULL),
	(275, 82, 'Clamps', NULL, NULL, NULL, NULL, NULL, NULL),
	(276, 207, 'Transport Packaging', NULL, NULL, NULL, NULL, NULL, NULL),
	(277, 276, 'Drums, Pails & Barrels', NULL, NULL, NULL, NULL, NULL, NULL),
	(278, 154, 'Other Food & Beverage', NULL, NULL, NULL, NULL, NULL, NULL),
	(279, 104, 'Masonry Materials', NULL, NULL, NULL, NULL, NULL, NULL),
	(281, 279, 'Cement', NULL, NULL, NULL, NULL, NULL, NULL),
	(282, 136, 'Industrial Fuel', NULL, NULL, NULL, NULL, NULL, NULL),
	(284, 282, 'Gasoline', NULL, NULL, NULL, NULL, NULL, NULL),
	(285, 261, 'Plastic Sheets', NULL, NULL, NULL, NULL, NULL, NULL),
	(286, 272, 'Power Tool Accessories', NULL, NULL, NULL, NULL, NULL, NULL),
	(287, 79, 'Chemical Machinery & Equipment', NULL, NULL, NULL, NULL, NULL, NULL),
	(288, 81, 'Hand Tools', NULL, NULL, NULL, NULL, NULL, NULL),
	(289, 288, 'Brush', NULL, NULL, NULL, NULL, NULL, NULL),
	(290, 288, 'Wrench', NULL, NULL, NULL, NULL, NULL, NULL),
	(291, 81, 'Tool Sets', NULL, NULL, NULL, NULL, NULL, NULL),
	(292, 248, 'Other Welding & Soldering Supplies', NULL, NULL, NULL, NULL, NULL, NULL),
	(293, 116, 'Other Electrical Equipment', NULL, NULL, NULL, NULL, NULL, NULL),
	(294, 20, 'USB Flash Drives', NULL, NULL, NULL, NULL, NULL, NULL),
	(295, 272, 'Grinding Wheel', NULL, NULL, NULL, NULL, NULL, NULL),
	(296, 288, 'Saw', NULL, NULL, NULL, NULL, NULL, NULL),
	(297, 256, 'Pressure Instrument', NULL, NULL, NULL, NULL, NULL, NULL),
	(298, 236, 'Door & Window Hinges', NULL, NULL, NULL, NULL, NULL, NULL),
	(299, 150, 'Uniforms', NULL, NULL, NULL, NULL, NULL, NULL),
	(300, 299, 'Guard Uniforms', NULL, NULL, NULL, NULL, NULL, NULL),
	(301, 143, 'Auto Electrical System', NULL, NULL, NULL, NULL, NULL, NULL),
	(302, 301, 'Auto Batteries', NULL, NULL, NULL, NULL, NULL, NULL),
	(303, 83, 'Ball Valves', NULL, NULL, NULL, NULL, NULL, NULL),
	(304, 272, 'Electric Drill', NULL, NULL, NULL, NULL, NULL, NULL),
	(305, 83, 'Pressure Safety Valves', NULL, NULL, NULL, NULL, NULL, NULL),
	(307, 82, 'Chains', NULL, NULL, NULL, NULL, NULL, NULL),
	(308, 240, 'Demineralized Water', NULL, NULL, NULL, NULL, NULL, NULL),
	(309, 116, 'Switches', NULL, NULL, NULL, NULL, NULL, NULL),
	(311, 309, 'Pressure Switches', NULL, NULL, NULL, NULL, NULL, NULL),
	(313, 151, 'Thread', NULL, NULL, NULL, NULL, NULL, NULL),
	(314, 309, 'Wall Switches', NULL, NULL, NULL, NULL, NULL, NULL),
	(315, 287, 'Drying Equipments', NULL, NULL, NULL, NULL, NULL, NULL),
	(316, 315, 'Drying Oven', NULL, NULL, NULL, NULL, NULL, NULL),
	(317, 133, 'Inorganic Chemicals', NULL, NULL, NULL, NULL, NULL, NULL),
	(318, 317, 'Inorganic Salts', NULL, NULL, NULL, NULL, NULL, NULL),
	(319, 318, 'Chloride', NULL, NULL, NULL, NULL, NULL, NULL),
	(320, 17, 'Toner Powder', NULL, NULL, NULL, NULL, NULL, NULL),
	(321, 105, 'Tableware', NULL, NULL, NULL, NULL, NULL, NULL),
	(322, 321, 'Drinkware', NULL, NULL, NULL, NULL, NULL, NULL),
	(323, 322, 'Mugs', NULL, NULL, NULL, NULL, NULL, NULL),
	(324, 143, 'Auto Engine', NULL, NULL, NULL, NULL, NULL, NULL),
	(325, 324, 'Lubrication System', NULL, NULL, NULL, NULL, NULL, NULL),
	(326, 325, 'Auto Oil Filter', NULL, NULL, NULL, NULL, NULL, NULL),
	(327, 226, 'Cable Glands', NULL, NULL, NULL, NULL, NULL, NULL),
	(328, 22, 'Markers & Highlighters', NULL, NULL, NULL, NULL, NULL, NULL),
	(329, 328, 'Whiteboard Marker', NULL, NULL, NULL, NULL, NULL, NULL),
	(330, 328, 'Highlighters', NULL, NULL, NULL, NULL, NULL, NULL),
	(331, 328, 'Permanent Markers', NULL, NULL, NULL, NULL, NULL, NULL),
	(334, 15, 'Office Adhesives & Tapes', NULL, NULL, NULL, NULL, NULL, NULL),
	(335, 334, 'Glue Stick', NULL, NULL, NULL, NULL, NULL, NULL),
	(336, 256, 'Pressure Gauges', NULL, NULL, NULL, NULL, NULL, NULL),
	(337, 226, 'Blanking Plugs', NULL, NULL, NULL, NULL, NULL, NULL),
	(338, 137, 'Health Care Products', NULL, NULL, NULL, NULL, NULL, NULL),
	(339, 338, 'Health Care Supplies', NULL, NULL, NULL, NULL, NULL, NULL),
	(340, 339, 'Other Healthcare Supply', NULL, NULL, NULL, NULL, NULL, NULL),
	(341, 137, 'Medicines', NULL, NULL, NULL, NULL, NULL, NULL),
	(342, 216, 'Cleaning Cloths ', NULL, NULL, NULL, NULL, NULL, NULL),
	(343, 133, 'Pharmaceuticals ', NULL, NULL, NULL, NULL, NULL, NULL),
	(344, 343, 'Antibiotic and Antimicrobial Agents', NULL, NULL, NULL, NULL, NULL, NULL),
	(345, 338, 'Health Care Supplement', NULL, NULL, NULL, NULL, NULL, NULL),
	(346, 345, 'Providing Energy', NULL, NULL, NULL, NULL, NULL, NULL),
	(347, 137, 'Medical Devices', NULL, NULL, NULL, NULL, NULL, NULL),
	(348, 347, 'Medical Consumable', NULL, NULL, NULL, NULL, NULL, NULL),
	(349, 348, 'Dressings and Care For Materials', NULL, NULL, NULL, NULL, NULL, NULL),
	(350, 138, 'Skin Care Tool', NULL, NULL, NULL, NULL, NULL, NULL),
	(351, 350, 'Cotton Pad', NULL, NULL, NULL, NULL, NULL, NULL),
	(352, 348, 'Medical Adhesive', NULL, NULL, NULL, NULL, NULL, NULL),
	(353, 347, 'General Assay & Diagnostic Apparatuses', NULL, NULL, NULL, NULL, NULL, NULL),
	(354, 353, 'Pathological Analysis Equipments', NULL, NULL, NULL, NULL, NULL, NULL),
	(355, 348, 'Pipe,Drainage Tubes & Containers ', NULL, NULL, NULL, NULL, NULL, NULL),
	(357, 324, 'Ignition System', NULL, NULL, NULL, NULL, NULL, NULL),
	(359, 357, 'Spark Plug', NULL, NULL, NULL, NULL, NULL, NULL),
	(360, 63, 'Power Transmission', NULL, NULL, NULL, NULL, NULL, NULL),
	(361, 360, 'Transmission Belts', NULL, NULL, NULL, NULL, NULL, NULL),
	(362, 80, 'Other Measuring & Analysing Instruments', NULL, NULL, NULL, NULL, NULL, NULL),
	(363, 233, 'Steel Pipes', NULL, NULL, NULL, NULL, NULL, NULL),
	(364, 63, 'Flanges', NULL, NULL, NULL, NULL, NULL, NULL),
	(365, 288, 'Hammer', NULL, NULL, NULL, NULL, NULL, NULL),
	(366, 136, 'Petrochemical Products', NULL, NULL, NULL, NULL, NULL, NULL),
	(368, 366, 'Lubricant', NULL, NULL, NULL, NULL, NULL, NULL),
	(369, 15, 'Calendar', NULL, NULL, NULL, NULL, NULL, NULL),
	(371, 104, 'Ladders & Scaffoldings', NULL, NULL, NULL, NULL, NULL, NULL),
	(372, 371, 'Scaffoldings', NULL, NULL, NULL, NULL, NULL, NULL),
	(373, 82, 'Hooks', NULL, NULL, NULL, NULL, NULL, NULL),
	(374, 82, 'Abrasive Tools', NULL, NULL, NULL, NULL, NULL, NULL),
	(375, 288, 'Other Hand Tools', NULL, NULL, NULL, NULL, NULL, NULL),
	(376, 272, 'Spray Gun', NULL, NULL, NULL, NULL, NULL, NULL),
	(377, 134, 'Rubber Products', NULL, NULL, NULL, NULL, NULL, NULL),
	(378, 377, 'Rubber Hoses', NULL, NULL, NULL, NULL, NULL, NULL),
	(379, 20, 'Blank Media', NULL, NULL, NULL, NULL, NULL, NULL),
	(380, 116, 'Electronic & Instrument Enclosures', NULL, NULL, NULL, NULL, NULL, NULL),
	(381, 132, 'Non-Metallic Mineral Deposit', NULL, NULL, NULL, NULL, NULL, NULL),
	(382, 381, 'Silica', NULL, NULL, NULL, NULL, NULL, NULL),
	(383, 20, 'Desktops', NULL, NULL, NULL, NULL, NULL, NULL),
	(384, 128, 'Metal Crafts', NULL, NULL, NULL, NULL, NULL, NULL),
	(385, 127, 'Team Sports', NULL, NULL, NULL, NULL, NULL, NULL),
	(386, 385, 'Cheerleading', NULL, NULL, NULL, NULL, NULL, NULL),
	(387, 386, 'Whistle', NULL, NULL, NULL, NULL, NULL, NULL),
	(388, 106, 'LED Lighting', NULL, NULL, NULL, NULL, NULL, NULL),
	(389, 388, 'LED Professional Lighting', NULL, NULL, NULL, NULL, NULL, NULL),
	(390, 389, 'LED Flashlights', NULL, NULL, NULL, NULL, NULL, NULL),
	(391, 51, 'Police & Military Supplies', NULL, NULL, NULL, NULL, NULL, NULL),
	(392, 391, 'Other Police & Military Supplies', NULL, NULL, NULL, NULL, NULL, NULL),
	(393, 152, 'Headwear', NULL, NULL, NULL, NULL, NULL, NULL),
	(394, 393, 'Hats & Caps', NULL, NULL, NULL, NULL, NULL, NULL),
	(395, 394, 'Other Hats & Caps', NULL, NULL, NULL, NULL, NULL, NULL),
	(396, 150, 'Garment Accessories', NULL, NULL, NULL, NULL, NULL, NULL),
	(397, 396, 'Patches', NULL, NULL, NULL, NULL, NULL, NULL),
	(398, 150, 'T-Shirts', NULL, NULL, NULL, NULL, NULL, NULL),
	(399, 140, 'Genuine Leather Shoes', NULL, NULL, NULL, NULL, NULL, NULL),
	(400, 244, 'Rain Boots', NULL, NULL, NULL, NULL, NULL, NULL),
	(401, 59, 'Data Cables', NULL, NULL, NULL, NULL, NULL, NULL),
	(402, 288, 'Knife', NULL, NULL, NULL, NULL, NULL, NULL),
	(403, 15, 'Office Cutting Supplies', NULL, NULL, NULL, NULL, NULL, NULL),
	(404, 403, 'Utility Knife', NULL, NULL, NULL, NULL, NULL, NULL),
	(405, 288, 'Scissors', NULL, NULL, NULL, NULL, NULL, NULL),
	(407, 288, 'Screwdriver', NULL, NULL, NULL, NULL, NULL, NULL),
	(408, 357, 'Ignition Cable', NULL, NULL, NULL, NULL, NULL, NULL),
	(409, 105, 'Laundry Products', NULL, NULL, NULL, NULL, NULL, NULL),
	(410, 409, 'Hangers & Racks', NULL, NULL, NULL, NULL, NULL, NULL),
	(412, 216, 'Brooms & Dustpans', NULL, NULL, NULL, NULL, NULL, NULL),
	(413, 139, 'Sports & Leisure Bags', NULL, NULL, NULL, NULL, NULL, NULL),
	(414, 413, 'Waist Bags', NULL, NULL, NULL, NULL, NULL, NULL),
	(415, 216, 'Other Household Cleaning Tools & Accessories', NULL, NULL, NULL, NULL, NULL, NULL),
	(416, 104, 'Faucets, Mixers & Taps', NULL, NULL, NULL, NULL, NULL, NULL),
	(417, 416, 'Bibcocks', NULL, NULL, NULL, NULL, NULL, NULL),
	(418, 261, 'Plastic Nets', NULL, NULL, NULL, NULL, NULL, NULL),
	(419, 216, 'Cleaning Brushes', NULL, NULL, NULL, NULL, NULL, NULL),
	(420, 216, 'Mops', NULL, NULL, NULL, NULL, NULL, NULL),
	(421, 128, 'Stickers', NULL, NULL, NULL, NULL, NULL, NULL),
	(422, 207, 'Packaging Labels', NULL, NULL, NULL, NULL, NULL, NULL),
	(423, 133, 'Other Chemicals', NULL, NULL, NULL, NULL, NULL, NULL),
	(424, 143, 'Motorcycle Parts', NULL, NULL, NULL, NULL, NULL, NULL),
	(425, 424, 'Motorcycle Engines', NULL, NULL, NULL, NULL, NULL, NULL),
	(426, 425, 'Motorcycle Ignition System', NULL, NULL, NULL, NULL, NULL, NULL),
	(428, 212, 'Rain Gear', NULL, NULL, NULL, NULL, NULL, NULL),
	(429, 428, 'Raincoats', NULL, NULL, NULL, NULL, NULL, NULL),
	(430, 79, 'General Industrial Equipment', NULL, NULL, NULL, NULL, NULL, NULL),
	(431, 430, 'Industrial Filtration Equipment', NULL, NULL, NULL, NULL, NULL, NULL),
	(432, 431, 'Air Filter', NULL, NULL, NULL, NULL, NULL, NULL),
	(433, 431, 'Machine Oil Filter', NULL, NULL, NULL, NULL, NULL, NULL),
	(434, 143, 'Fuel System', NULL, NULL, NULL, NULL, NULL, NULL),
	(435, 430, 'Other Industrial Filtration Equipment', NULL, NULL, NULL, NULL, NULL, NULL),
	(436, 377, 'Rubber Belts', NULL, NULL, NULL, NULL, NULL, NULL),
	(437, 109, 'Living Room Furniture', NULL, NULL, NULL, NULL, NULL, NULL),
	(438, 437, 'Living Room Cabinets', NULL, NULL, NULL, NULL, NULL, NULL),
	(439, 81, 'Lifting Tools', NULL, NULL, NULL, NULL, NULL, NULL),
	(440, 439, 'Lifting Sling', NULL, NULL, NULL, NULL, NULL, NULL),
	(441, 106, 'Lighting Bulbs & Tubes', NULL, NULL, NULL, NULL, NULL, NULL),
	(442, 441, 'Energy Saving & Fluorescent ', NULL, NULL, NULL, NULL, NULL, NULL),
	(443, 27, 'Ballpoint Pens', NULL, NULL, NULL, NULL, NULL, NULL),
	(444, 80, 'Measuring & Analysing Instrument Processing Services', NULL, NULL, NULL, NULL, NULL, NULL),
	(445, 51, 'Roadway Safety', NULL, NULL, NULL, NULL, NULL, NULL),
	(446, 445, 'Speed Bump', NULL, NULL, NULL, NULL, NULL, NULL),
	(447, 445, 'Traffic Cone', NULL, NULL, NULL, NULL, NULL, NULL),
	(448, 216, 'Waste Bins', NULL, NULL, NULL, NULL, NULL, NULL),
	(449, 116, 'Generators', NULL, NULL, NULL, NULL, NULL, NULL),
	(450, 449, 'Generator Parts & Accessories', NULL, NULL, NULL, NULL, NULL, NULL),
	(451, 430, 'Machinery Engines & Parts', NULL, NULL, NULL, NULL, NULL, NULL),
	(452, 451, 'Machinery Engine Parts', NULL, NULL, NULL, NULL, NULL, NULL),
	(453, 360, 'Shaft Couplings', NULL, NULL, NULL, NULL, NULL, NULL),
	(454, 132, 'Ceramic Fiber Products', NULL, NULL, NULL, NULL, NULL, NULL),
	(455, 454, 'Ceramic Fiber Paper', NULL, NULL, NULL, NULL, NULL, NULL),
	(456, 17, 'Ink Refill Kits', NULL, NULL, NULL, NULL, NULL, NULL),
	(457, 318, 'Sulphate', NULL, NULL, NULL, NULL, NULL, NULL),
	(458, 106, 'Emergency Lighting', NULL, NULL, NULL, NULL, NULL, NULL),
	(459, 458, 'Emergency Lights', NULL, NULL, NULL, NULL, NULL, NULL),
	(460, 63, 'Regulator', NULL, NULL, NULL, NULL, NULL, NULL),
	(461, 80, 'Lab Supplies', NULL, NULL, NULL, NULL, NULL, NULL),
	(462, 461, 'Pipette', NULL, NULL, NULL, NULL, NULL, NULL),
	(463, 461, 'Laboratory Bottle', NULL, NULL, NULL, NULL, NULL, NULL),
	(464, 461, 'Laboratory Cylinder', NULL, NULL, NULL, NULL, NULL, NULL),
	(465, 73, 'Water Treatment Appliance Parts', NULL, NULL, NULL, NULL, NULL, NULL),
	(466, 465, 'Water Filter Parts', NULL, NULL, NULL, NULL, NULL, NULL),
	(467, 430, 'Cleaning Equipments', NULL, NULL, NULL, NULL, NULL, NULL),
	(468, 467, 'Floor Sweeper', NULL, NULL, NULL, NULL, NULL, NULL),
	(469, 122, 'Voltage Regulators/Stabilizers', NULL, NULL, NULL, NULL, NULL, NULL),
	(470, 116, 'Elektrik Motor', NULL, NULL, NULL, NULL, NULL, NULL),
	(471, 207, 'Printing Services', NULL, NULL, NULL, NULL, NULL, NULL),
	(472, 471, 'Paper & Paperboard Printing', NULL, NULL, NULL, NULL, NULL, NULL),
	(473, 471, 'Disk Replication & Printing', NULL, NULL, NULL, NULL, NULL, NULL),
	(474, 261, 'Plastic Cards', NULL, NULL, NULL, NULL, NULL, NULL),
	(475, 122, 'Uninterrupted Power Supply (UPS)', NULL, NULL, NULL, NULL, NULL, NULL),
	(476, 318, 'Nitrate', NULL, NULL, NULL, NULL, NULL, NULL),
	(477, 63, 'Shafts', NULL, NULL, NULL, NULL, NULL, NULL),
	(478, 288, 'Pliers', NULL, NULL, NULL, NULL, NULL, NULL),
	(479, 248, 'Welding Torches', NULL, NULL, NULL, NULL, NULL, NULL),
	(480, 272, 'Pneumatic Tools', NULL, NULL, NULL, NULL, NULL, NULL),
	(481, 79, 'Metal & Metallurgy Machinery', NULL, NULL, NULL, NULL, NULL, NULL),
	(483, 481, 'Metal Cutting Machinery', NULL, NULL, NULL, NULL, NULL, NULL),
	(484, 81, 'Tool Parts', NULL, NULL, NULL, NULL, NULL, NULL),
	(485, 216, 'Buckets', NULL, NULL, NULL, NULL, NULL, NULL),
	(486, 348, 'General Medical Supplies', NULL, NULL, NULL, NULL, NULL, NULL),
	(487, 81, 'Garden Tools', NULL, NULL, NULL, NULL, NULL, NULL),
	(488, 487, 'Digging Tools', NULL, NULL, NULL, NULL, NULL, NULL),
	(489, 360, 'Pulleys', NULL, NULL, NULL, NULL, NULL, NULL),
	(490, 207, 'Packaging Rope', NULL, NULL, NULL, NULL, NULL, NULL),
	(491, 105, 'Kitchen Knives & Accessories', NULL, NULL, NULL, NULL, NULL, NULL),
	(492, 491, 'Kitchen Knives', NULL, NULL, NULL, NULL, NULL, NULL),
	(493, 322, 'Water Bottles', NULL, NULL, NULL, NULL, NULL, NULL),
	(494, 276, 'Pallets', NULL, NULL, NULL, NULL, NULL, NULL),
	(495, 272, 'Blower', NULL, NULL, NULL, NULL, NULL, NULL),
	(496, 388, 'LED Residential Lighting', NULL, NULL, NULL, NULL, NULL, NULL),
	(497, 496, 'LED Spotlights', NULL, NULL, NULL, NULL, NULL, NULL),
	(498, 388, 'LED Outdoor Lighting', NULL, NULL, NULL, NULL, NULL, NULL),
	(499, 498, 'LED Flood Lights', NULL, NULL, NULL, NULL, NULL, NULL),
	(500, 63, 'Sight Glass', NULL, NULL, NULL, NULL, NULL, NULL),
	(501, 63, 'Besi siku', NULL, NULL, NULL, NULL, NULL, NULL),
	(503, 218, 'Whiteboard', NULL, NULL, NULL, NULL, NULL, NULL),
	(504, 122, 'Inverters & Converters', NULL, NULL, NULL, NULL, NULL, NULL),
	(505, 441, 'Metal Halide Lamps', NULL, NULL, NULL, NULL, NULL, NULL),
	(506, 272, 'Hydraulic Tools', NULL, NULL, NULL, NULL, NULL, NULL),
	(507, 207, 'Lids, Bottle Caps, Closures', NULL, NULL, NULL, NULL, NULL, NULL),
	(508, 465, 'Water Dispenser Parts', NULL, NULL, NULL, NULL, NULL, NULL),
	(509, 80, 'Level Measuring Instruments', NULL, NULL, NULL, NULL, NULL, NULL),
	(510, 80, 'Electrical Instruments', NULL, NULL, NULL, NULL, NULL, NULL),
	(511, 510, 'Clamp Meters', NULL, NULL, NULL, NULL, NULL, NULL),
	(512, 128, 'Key Chains', NULL, NULL, NULL, NULL, NULL, NULL),
	(513, 50, 'Fan ', NULL, NULL, NULL, NULL, NULL, NULL),
	(514, 207, 'Packaging plastic', NULL, NULL, NULL, NULL, NULL, NULL),
	(515, 63, 'Dempuls', NULL, NULL, NULL, NULL, NULL, NULL),
	(516, 50, 'watch', NULL, NULL, NULL, NULL, NULL, NULL),
	(517, 21, 'Time Recording', NULL, NULL, NULL, NULL, NULL, NULL),
	(518, 23, 'Paper Roll', NULL, NULL, NULL, NULL, NULL, NULL),
	(519, 143, 'Vehicle Tools', NULL, NULL, NULL, NULL, NULL, NULL),
	(520, 519, 'Grease Guns', NULL, NULL, NULL, NULL, NULL, NULL),
	(521, 15, 'Calculator', NULL, NULL, NULL, NULL, NULL, NULL),
	(522, 334, 'Office Adhesive Tape', NULL, NULL, NULL, NULL, NULL, NULL),
	(523, 15, 'Drafting Supplies', NULL, NULL, NULL, NULL, NULL, NULL),
	(524, 523, 'Rulers', NULL, NULL, NULL, NULL, NULL, NULL),
	(525, 15, 'Correction Supplies', NULL, NULL, NULL, NULL, NULL, NULL),
	(526, 525, 'Correction Fluid', NULL, NULL, NULL, NULL, NULL, NULL),
	(527, 178, 'Safety Harness', NULL, NULL, NULL, NULL, NULL, NULL),
	(528, 180, 'Frame', NULL, NULL, NULL, NULL, NULL, NULL),
	(529, 116, 'C.O.S', NULL, NULL, NULL, NULL, NULL, NULL),
	(530, 106, 'Lighting Accessories', NULL, NULL, NULL, NULL, NULL, NULL),
	(531, 530, 'Ballasts', NULL, NULL, NULL, NULL, NULL, NULL),
	(532, 57, 'Digital Camera', NULL, NULL, NULL, NULL, NULL, NULL),
	(533, 52, 'CCTV Camera', NULL, NULL, NULL, NULL, NULL, NULL),
	(534, 57, 'Video Camera', NULL, NULL, NULL, NULL, NULL, NULL),
	(535, 424, 'Motorcycle Tires', NULL, NULL, NULL, NULL, NULL, NULL),
	(536, 105, ' Garden Supplies', NULL, NULL, NULL, NULL, NULL, NULL),
	(537, 536, 'Garden Buildings', NULL, NULL, NULL, NULL, NULL, NULL),
	(538, 537, 'Fencing, Trellis & Gates', NULL, NULL, NULL, NULL, NULL, NULL),
	(539, 84, 'Coupling', NULL, NULL, NULL, NULL, NULL, NULL),
	(540, 104, 'Flooring & Accessories', NULL, NULL, NULL, NULL, NULL, NULL),
	(541, 540, 'Plastic Flooring', NULL, NULL, NULL, NULL, NULL, NULL),
	(542, 158, 'Mobile Phones', NULL, NULL, NULL, NULL, NULL, NULL),
	(543, 519, 'Emergency Tools', NULL, NULL, NULL, NULL, NULL, NULL),
	(544, 59, 'Audio & Video Cables', NULL, NULL, NULL, NULL, NULL, NULL),
	(545, 51, 'Firefighting Supplies', NULL, NULL, NULL, NULL, NULL, NULL),
	(546, 545, 'Firefighting Equipment', NULL, NULL, NULL, NULL, NULL, NULL),
	(548, 536, 'Garden Pots & Planters', NULL, NULL, NULL, NULL, NULL, NULL),
	(549, 132, 'Aluminum', NULL, NULL, NULL, NULL, NULL, NULL),
	(550, 549, 'Aluminum Profiles', NULL, NULL, NULL, NULL, NULL, NULL),
	(551, 233, 'Steel Profiles', NULL, NULL, NULL, NULL, NULL, NULL),
	(552, 551, 'Steel Angles', NULL, NULL, NULL, NULL, NULL, NULL),
	(553, 104, 'Timber', NULL, NULL, NULL, NULL, NULL, NULL),
	(554, 553, 'Solid Wood Boards', NULL, NULL, NULL, NULL, NULL, NULL),
	(555, 82, 'Fasteners', NULL, NULL, NULL, NULL, NULL, NULL),
	(556, 555, 'Anchors', NULL, NULL, NULL, NULL, NULL, NULL),
	(557, 104, 'Landscaping Stone', NULL, NULL, NULL, NULL, NULL, NULL),
	(558, 557, 'Cobbles & Pebbles', NULL, NULL, NULL, NULL, NULL, NULL),
	(559, 430, 'Equipment Fabrication', NULL, NULL, NULL, NULL, NULL, NULL),
	(560, 287, 'Pressure Vessels', NULL, NULL, NULL, NULL, NULL, NULL),
	(561, 287, 'Chemical Storage Equipment', NULL, NULL, NULL, NULL, NULL, NULL),
	(562, 441, 'Mercury Lamps', NULL, NULL, NULL, NULL, NULL, NULL),
	(563, 17, 'Toner Cartridges', NULL, NULL, NULL, NULL, NULL, NULL),
	(564, 264, 'Active Components', NULL, NULL, NULL, NULL, NULL, NULL),
	(565, 564, 'Sensors', NULL, NULL, NULL, NULL, NULL, NULL),
	(566, 116, 'Contactors', NULL, NULL, NULL, NULL, NULL, NULL),
	(567, 144, 'Crane ', NULL, NULL, NULL, NULL, NULL, NULL),
	(568, 567, 'Crane Part ', NULL, NULL, NULL, NULL, NULL, NULL),
	(569, 144, 'Forklift ', NULL, NULL, NULL, NULL, NULL, NULL),
	(570, 569, 'Forklift Part ', NULL, NULL, NULL, NULL, NULL, NULL),
	(571, 430, 'Boiler & Parts', NULL, NULL, NULL, NULL, NULL, NULL),
	(572, 571, 'Boiler Parts', NULL, NULL, NULL, NULL, NULL, NULL),
	(573, 233, 'Steel Sheets', NULL, NULL, NULL, NULL, NULL, NULL),
	(574, 441, 'Ultraviolet Lamps', NULL, NULL, NULL, NULL, NULL, NULL),
	(575, 63, 'Union Hammer ', NULL, NULL, NULL, NULL, NULL, NULL),
	(576, 143, 'Auto Chassis Parts', NULL, NULL, NULL, NULL, NULL, NULL),
	(577, 576, 'Auto Drive Systems', NULL, NULL, NULL, NULL, NULL, NULL),
	(578, 577, 'Tires', NULL, NULL, NULL, NULL, NULL, NULL),
	(579, 61, 'Blenders', NULL, NULL, NULL, NULL, NULL, NULL),
	(580, 223, 'Water Meters', NULL, NULL, NULL, NULL, NULL, NULL),
	(581, 105, 'Bedroom accessories ', NULL, NULL, NULL, NULL, NULL, NULL),
	(582, 231, 'Coolant', NULL, NULL, NULL, NULL, NULL, NULL),
	(583, 461, 'Centrifuge Tubes', NULL, NULL, NULL, NULL, NULL, NULL),
	(584, 279, 'Bricks', NULL, NULL, NULL, NULL, NULL, NULL),
	(585, 15, 'Desk Organizer', NULL, NULL, NULL, NULL, NULL, NULL),
	(586, 585, 'File Tray', NULL, NULL, NULL, NULL, NULL, NULL),
	(587, 160, 'Car Alarms', NULL, NULL, NULL, NULL, NULL, NULL),
	(588, 545, 'Fire Extinguisher', NULL, NULL, NULL, NULL, NULL, NULL),
	(589, 347, 'Emergency & Clinics Apparatuses', NULL, NULL, NULL, NULL, NULL, NULL),
	(590, 589, 'First-Aid Devices', NULL, NULL, NULL, NULL, NULL, NULL),
	(591, 149, 'Car Doors', NULL, NULL, NULL, NULL, NULL, NULL),
	(592, 143, 'Exterior Accessories', NULL, NULL, NULL, NULL, NULL, NULL),
	(593, 592, ' Windshield Wipers', NULL, NULL, NULL, NULL, NULL, NULL),
	(594, 81, 'Tools Packaging', NULL, NULL, NULL, NULL, NULL, NULL),
	(595, 594, 'Tool Box', NULL, NULL, NULL, NULL, NULL, NULL),
	(596, 430, 'Ventilation Fans', NULL, NULL, NULL, NULL, NULL, NULL),
	(597, 596, 'Axial Flow Fans', NULL, NULL, NULL, NULL, NULL, NULL),
	(598, 309, 'Push Button Switches', NULL, NULL, NULL, NULL, NULL, NULL),
	(599, 138, 'Other Beauty & Personal Care Products', NULL, NULL, NULL, NULL, NULL, NULL),
	(600, 510, 'Multimeters', NULL, NULL, NULL, NULL, NULL, NULL),
	(602, 559, 'Flow Head ', NULL, NULL, NULL, NULL, NULL, NULL),
	(603, 602, 'Spare part Flowhead', NULL, NULL, NULL, NULL, NULL, NULL),
	(604, 603, 'PART FLOW HEAD ', NULL, NULL, NULL, NULL, NULL, NULL),
	(605, 116, 'Adaptor ', NULL, NULL, NULL, NULL, NULL, NULL),
	(606, 461, 'Test Tube', NULL, NULL, NULL, NULL, NULL, NULL),
	(607, 545, 'Fire Hydrant', NULL, NULL, NULL, NULL, NULL, NULL),
	(608, 441, 'Halogen Bulbs', NULL, NULL, NULL, NULL, NULL, NULL),
	(609, 564, 'Integrated Circuits', NULL, NULL, NULL, NULL, NULL, NULL),
	(610, 133, 'Agrochemicals', NULL, NULL, NULL, NULL, NULL, NULL),
	(611, 610, 'Agrochemicals & Pesticides Products', NULL, NULL, NULL, NULL, NULL, NULL),
	(612, 611, 'Herbicide', NULL, NULL, NULL, NULL, NULL, NULL),
	(613, 391, 'Baton', NULL, NULL, NULL, NULL, NULL, NULL),
	(614, 80, 'Temperature Instruments', NULL, NULL, NULL, NULL, NULL, NULL),
	(615, 51, 'Other Security & Protection Products', NULL, NULL, NULL, NULL, NULL, NULL),
	(616, 139, 'Wallets & Holders', NULL, NULL, NULL, NULL, NULL, NULL),
	(617, 616, 'Key Wallets', NULL, NULL, NULL, NULL, NULL, NULL),
	(618, 360, 'Gears', NULL, NULL, NULL, NULL, NULL, NULL),
	(619, 618, 'Spur Gears', NULL, NULL, NULL, NULL, NULL, NULL),
	(620, 17, 'Other Printer Supplies', NULL, NULL, NULL, NULL, NULL, NULL),
	(621, 207, 'Packaging Boxes', NULL, NULL, NULL, NULL, NULL, NULL),
	(622, 221, 'Car Paint', NULL, NULL, NULL, NULL, NULL, NULL),
	(623, 461, 'Other Lab Supplies', NULL, NULL, NULL, NULL, NULL, NULL),
	(624, 51, 'Alarm', NULL, NULL, NULL, NULL, NULL, NULL),
	(625, 104, 'Tiles & Accessories', NULL, NULL, NULL, NULL, NULL, NULL),
	(626, 625, 'Tiles', NULL, NULL, NULL, NULL, NULL, NULL),
	(627, 143, 'Crank Mechanism ', NULL, NULL, NULL, NULL, NULL, NULL),
	(628, 324, 'Other Auto Engine Parts', NULL, NULL, NULL, NULL, NULL, NULL),
	(629, 396, 'Other Garment Accessories', NULL, NULL, NULL, NULL, NULL, NULL),
	(630, 287, 'Chemical Machine Parts', NULL, NULL, NULL, NULL, NULL, NULL),
	(631, 248, 'Welding Tips', NULL, NULL, NULL, NULL, NULL, NULL),
	(632, 228, 'Connectors', NULL, NULL, NULL, NULL, NULL, NULL),
	(633, 63, 'Greating', NULL, NULL, NULL, NULL, NULL, NULL),
	(634, 487, 'Gerobak ', NULL, NULL, NULL, NULL, NULL, NULL),
	(635, 12, 'Service Equipment', NULL, NULL, NULL, NULL, NULL, NULL),
	(636, 635, 'Advertising Equipment', NULL, NULL, NULL, NULL, NULL, NULL),
	(637, 636, 'Display Racks', NULL, NULL, NULL, NULL, NULL, NULL),
	(638, 461, 'Laboratory Centrifuge', NULL, NULL, NULL, NULL, NULL, NULL),
	(639, 80, 'Analyzers', NULL, NULL, NULL, NULL, NULL, NULL),
	(640, 639, 'Densitometers', NULL, NULL, NULL, NULL, NULL, NULL),
	(641, 318, 'Other Inorganic Salts', NULL, NULL, NULL, NULL, NULL, NULL),
	(642, 353, 'Thermometer', NULL, NULL, NULL, NULL, NULL, NULL),
	(644, 61, 'Electric Kettles', NULL, NULL, NULL, NULL, NULL, NULL),
	(645, 461, 'Petri Dish', NULL, NULL, NULL, NULL, NULL, NULL),
	(646, 80, 'Testing Equipment', NULL, NULL, NULL, NULL, NULL, NULL),
	(647, 127, 'Indoor Sports', NULL, NULL, NULL, NULL, NULL, NULL),
	(648, 647, 'Darts', NULL, NULL, NULL, NULL, NULL, NULL),
	(649, 551, 'Steel H-Beams', NULL, NULL, NULL, NULL, NULL, NULL),
	(650, 61, 'Cooking Appliances', NULL, NULL, NULL, NULL, NULL, NULL),
	(651, 650, 'Rice Cookers', NULL, NULL, NULL, NULL, NULL, NULL),
	(652, 81, 'Construction Tools', NULL, NULL, NULL, NULL, NULL, NULL),
	(653, 652, 'Other Construction Tools', NULL, NULL, NULL, NULL, NULL, NULL),
	(654, 553, 'Fibreboards', NULL, NULL, NULL, NULL, NULL, NULL),
	(655, 553, 'Plywoods', NULL, NULL, NULL, NULL, NULL, NULL),
	(656, 104, 'Doors & Windows', NULL, NULL, NULL, NULL, NULL, NULL),
	(657, 656, 'Doors', NULL, NULL, NULL, NULL, NULL, NULL),
	(658, 105, 'Home Decor', NULL, NULL, NULL, NULL, NULL, NULL),
	(659, 658, 'Clocks', NULL, NULL, NULL, NULL, NULL, NULL),
	(660, 659, 'Wall Clocks', NULL, NULL, NULL, NULL, NULL, NULL),
	(661, 118, 'Rechargeable Batteries', NULL, NULL, NULL, NULL, NULL, NULL),
	(662, 416, 'Bathroom Faucets', NULL, NULL, NULL, NULL, NULL, NULL),
	(663, 662, 'Basin Faucets', NULL, NULL, NULL, NULL, NULL, NULL),
	(664, 635, 'Trade Show Equipment', NULL, NULL, NULL, NULL, NULL, NULL),
	(665, 664, 'Trade Show Tent', NULL, NULL, NULL, NULL, NULL, NULL),
	(666, 496, 'LED Bulb Lights', NULL, NULL, NULL, NULL, NULL, NULL),
	(667, 445, 'Traffic Signal', NULL, NULL, NULL, NULL, NULL, NULL),
	(668, 76, 'Water Filters', NULL, NULL, NULL, NULL, NULL, NULL),
	(669, 122, 'Switching Power Supply', NULL, NULL, NULL, NULL, NULL, NULL),
	(670, 150, 'Sportswear', NULL, NULL, NULL, NULL, NULL, NULL),
	(671, 670, 'Soccer Wear', NULL, NULL, NULL, NULL, NULL, NULL),
	(672, 670, 'Other Sportswear', NULL, NULL, NULL, NULL, NULL, NULL),
	(673, 236, 'Door & Window Screens', NULL, NULL, NULL, NULL, NULL, NULL),
	(674, 559, 'Tanki ', NULL, NULL, NULL, NULL, NULL, NULL),
	(675, 559, 'Tanki ', NULL, NULL, NULL, NULL, NULL, NULL),
	(676, 559, 'Tanki ', NULL, NULL, NULL, NULL, NULL, NULL),
	(677, 559, 'Tanki ', NULL, NULL, NULL, NULL, NULL, NULL),
	(678, 559, 'Tanki ', NULL, NULL, NULL, NULL, NULL, NULL),
	(679, 236, 'Door & Window Handles', NULL, NULL, NULL, NULL, NULL, NULL),
	(680, 20, 'Hard Drives', NULL, NULL, NULL, NULL, NULL, NULL),
	(681, 180, 'Painting & Calligraphy', NULL, NULL, NULL, NULL, NULL, NULL),
	(682, 107, 'Wood Furniture', NULL, NULL, NULL, NULL, NULL, NULL),
	(683, 682, 'Other Wood Furniture', NULL, NULL, NULL, NULL, NULL, NULL),
	(685, 451, 'Heather ', NULL, NULL, NULL, NULL, NULL, NULL),
	(686, 685, 'Heather & part ', NULL, NULL, NULL, NULL, NULL, NULL),
	(687, 437, 'Living Room Chairs', NULL, NULL, NULL, NULL, NULL, NULL),
	(688, 437, 'Living Room Sofas', NULL, NULL, NULL, NULL, NULL, NULL),
	(689, 437, 'Coffee Tables', NULL, NULL, NULL, NULL, NULL, NULL),
	(690, 682, 'Wood Cabinets', NULL, NULL, NULL, NULL, NULL, NULL),
	(691, 107, 'Metal Furniture', NULL, NULL, NULL, NULL, NULL, NULL),
	(692, 691, 'Other Metal Furniture', NULL, NULL, NULL, NULL, NULL, NULL),
	(693, 691, 'Metal Tables', NULL, NULL, NULL, NULL, NULL, NULL),
	(694, 108, 'Bar Furniture', NULL, NULL, NULL, NULL, NULL, NULL),
	(695, 694, 'Bar Stools', NULL, NULL, NULL, NULL, NULL, NULL),
	(696, 105, 'Home Storage & Organization', NULL, NULL, NULL, NULL, NULL, NULL),
	(697, 696, 'Storage Holders & Racks', NULL, NULL, NULL, NULL, NULL, NULL),
	(698, 696, 'Storage Bottles & Jars', NULL, NULL, NULL, NULL, NULL, NULL),
	(699, 151, 'Home Textile', NULL, NULL, NULL, NULL, NULL, NULL),
	(700, 699, 'Mat', NULL, NULL, NULL, NULL, NULL, NULL),
	(701, 51, 'Safes', NULL, NULL, NULL, NULL, NULL, NULL),
	(702, 150, 'Ethnic Clothing', NULL, NULL, NULL, NULL, NULL, NULL),
	(703, 702, 'Islamic Clothing', NULL, NULL, NULL, NULL, NULL, NULL),
	(704, 437, 'Stools & Ottomans', NULL, NULL, NULL, NULL, NULL, NULL),
	(705, 248, 'Electrode Holders', NULL, NULL, NULL, NULL, NULL, NULL),
	(706, 496, 'LED Downlights', NULL, NULL, NULL, NULL, NULL, NULL),
	(707, 83, 'Shut Down Valve', NULL, NULL, NULL, NULL, NULL, NULL),
	(709, 83, 'Pressure Control Valve', NULL, NULL, NULL, NULL, NULL, NULL),
	(710, 83, 'Level Control Valve', NULL, NULL, NULL, NULL, NULL, NULL),
	(711, 56, 'Charger', NULL, NULL, NULL, NULL, NULL, NULL),
	(713, 85, 'AC Motor', NULL, NULL, NULL, NULL, NULL, NULL),
	(714, 132, 'Wire Mesh', NULL, NULL, NULL, NULL, NULL, NULL),
	(715, 714, 'Steel Wire Mesh', NULL, NULL, NULL, NULL, NULL, NULL),
	(716, 82, 'Abrasives', NULL, NULL, NULL, NULL, NULL, NULL),
	(717, 63, 'Hydrotest Pump ', NULL, NULL, NULL, NULL, NULL, NULL),
	(718, 717, 'Spare part Hydrotest Pump ', NULL, NULL, NULL, NULL, NULL, NULL),
	(719, 79, 'Agriculture Machinery & Equipment', NULL, NULL, NULL, NULL, NULL, NULL),
	(720, 719, 'Farm Machinery', NULL, NULL, NULL, NULL, NULL, NULL),
	(721, 720, 'Agricultural Sprayer', NULL, NULL, NULL, NULL, NULL, NULL),
	(722, 144, 'Container', NULL, NULL, NULL, NULL, NULL, NULL),
	(723, 20, 'Computer Cases & Towers', NULL, NULL, NULL, NULL, NULL, NULL),
	(724, 439, 'Jack', NULL, NULL, NULL, NULL, NULL, NULL),
	(725, 724, 'Bottle Jack', NULL, NULL, NULL, NULL, NULL, NULL),
	(726, 276, 'Gas Cylinders', NULL, NULL, NULL, NULL, NULL, NULL),
	(727, 118, 'Storage Batteries', NULL, NULL, NULL, NULL, NULL, NULL),
	(728, 301, 'Car Alternator', NULL, NULL, NULL, NULL, NULL, NULL),
	(729, 76, 'Water Dispensers', NULL, NULL, NULL, NULL, NULL, NULL),
	(730, 159, 'TV Mount', NULL, NULL, NULL, NULL, NULL, NULL),
	(731, 551, 'Flat Steel', NULL, NULL, NULL, NULL, NULL, NULL),
	(732, 143, 'Auto Steering System', NULL, NULL, NULL, NULL, NULL, NULL),
	(733, 650, 'Hot Plates', NULL, NULL, NULL, NULL, NULL, NULL),
	(734, 268, 'Reception Desks', NULL, NULL, NULL, NULL, NULL, NULL),
	(735, 309, 'Other Switches', NULL, NULL, NULL, NULL, NULL, NULL),
	(736, 264, 'Passive Components', NULL, NULL, NULL, NULL, NULL, NULL),
	(737, 736, 'Capacitors', NULL, NULL, NULL, NULL, NULL, NULL),
	(738, 158, 'Signal Booster ', NULL, NULL, NULL, NULL, NULL, NULL),
	(739, 430, 'Equipment Testing ', NULL, NULL, NULL, NULL, NULL, NULL),
	(740, 445, 'Papan Card ', NULL, NULL, NULL, NULL, NULL, NULL),
	(741, 559, 'Vessel Condensat', NULL, NULL, NULL, NULL, NULL, NULL),
	(742, 295, 'Spare part mesin gerinda ', NULL, NULL, NULL, NULL, NULL, NULL),
	(999, 0, 'Vessel Tower Inventories', NULL, NULL, NULL, NULL, NULL, NULL),
	(1000, 335, 'Tester', '2020-09-27 15:04:37', '2020-09-27 15:11:56', '2020-09-27 15:11:56', NULL, NULL, NULL);
/*!40000 ALTER TABLE `new_category` ENABLE KEYS */;

-- Dumping structure for table jgc.type_wo
CREATE TABLE IF NOT EXISTS `type_wo` (
  `id` int(11) NOT NULL AUTO_INCREMENT,
  `id_parent` int(11) NOT NULL DEFAULT 0,
  `name` varchar(250) COLLATE utf8mb4_unicode_ci NOT NULL,
  PRIMARY KEY (`id`)
) ENGINE=InnoDB AUTO_INCREMENT=48 DEFAULT CHARSET=utf8mb4 COLLATE=utf8mb4_unicode_ci;

-- Dumping data for table jgc.type_wo: ~45 rows (approximately)
/*!40000 ALTER TABLE `type_wo` DISABLE KEYS */;
INSERT INTO `type_wo` (`id`, `id_parent`, `name`) VALUES
	(2, 0, 'PENGIRIMAN BARANG/ANGKUTAN'),
	(3, 0, 'RESERVE'),
	(4, 0, 'MANDOR'),
	(5, 0, 'THIRD PARTY/KONSULTAN'),
	(6, 0, 'CSR'),
	(7, 0, 'SOSIAL'),
	(8, 0, 'RESERVE1'),
	(9, 0, 'TICKETING/TAXI'),
	(10, 0, 'ALAT TULIS KANTOR'),
	(11, 0, 'LISTRIK/AIR/UTILIZATION'),
	(12, 0, 'PANTRY/DAPUR'),
	(13, 0, 'INTERTAIN'),
	(14, 0, 'RESERVE2'),
	(15, 0, 'CASH BOND'),
	(16, 0, 'LEGAL'),
	(17, 0, 'GAJI'),
	(18, 0, 'MEAL/KONSUMSI'),
	(19, 0, 'ASURANSI KESEHATAN'),
	(20, 0, 'PELATIHAN'),
	(21, 0, 'FOTO COPY/LAMINATING'),
	(22, 0, 'KOMUNIKASI/TELPON'),
	(23, 0, 'INTERNET'),
	(24, 0, 'RESERVE3'),
	(25, 0, 'PEMELIHARAAN KOMPUTER'),
	(26, 0, 'SERVICE/PEMELIHARAAN KENDARAAN'),
	(27, 0, 'SERVICE MEKANIKAL DAN ELEKTRIKAL'),
	(28, 0, 'PEMELIHARAAN FURNITURE'),
	(29, 0, 'RESERVE4'),
	(30, 0, 'ADVERTISING/IKLAN'),
	(31, 0, 'RESERVE5'),
	(32, 0, 'RESERVE6'),
	(33, 0, 'RESERVE7'),
	(34, 0, 'SEWA KANTOR/GUDANG'),
	(35, 0, 'SECURITY/KEAMANAN'),
	(36, 0, 'UNLOADING/LOADING'),
	(37, 0, 'ASSET/MATERIAL/SPARE PART'),
	(38, 0, 'RESERVE8'),
	(39, 0, 'SEWA MOBIL/MOTOR'),
	(40, 0, 'PROYEK/KONSTRUKSI'),
	(41, 0, 'ELECTRONIC/TOOLS/MESIN'),
	(42, 0, 'SERTIFIKASI'),
	(43, 0, 'HSE/PPE/P3K'),
	(45, 0, 'FURNITURE'),
	(46, 0, 'LOUNDRY/HOTEL/KOST/MESS'),
	(47, 0, 'FUEL SOLAR/BENSIN');
/*!40000 ALTER TABLE `type_wo` ENABLE KEYS */;

/*!40101 SET SQL_MODE=IFNULL(@OLD_SQL_MODE, '') */;
/*!40014 SET FOREIGN_KEY_CHECKS=IF(@OLD_FOREIGN_KEY_CHECKS IS NULL, 1, @OLD_FOREIGN_KEY_CHECKS) */;
/*!40101 SET CHARACTER_SET_CLIENT=@OLD_CHARACTER_SET_CLIENT */;
